product_id,name,price,brand,url,score,ratings
ID NO : 71,Samsung A14 4GB/64GB - 5000 mAh Battery - 6.6' Display - Android 13,34999,Samsung,https://www.daraz.pk/products/samsung-a14-4gb64gb-5000-mah-battery-66-display-android-13-i436839264-s2101404094.html?spm=a2a0e.searchlistcategory.sku.1.2b20676dDRP4Vs&search=1,No Score,401 ratings
ID NO : 72,Redmi Note 12 8 GB RAM + 128GB ROM PTA Approved Mobile Phone with 1 Year Brand Warranty,49999,Xiaomi,https://www.daraz.pk/products/redmi-note-12-8-gb-ram-128gb-rom-pta-approved-mobile-phone-with-1-year-brand-warranty-i429185340-s2040915791.html?spm=a2a0e.searchlistcategory.sku.3.2b20676dDRP4Vs&search=1,4.7,367 ratings
ID NO : 73,Infinix Note 30 Pro 8-256 GB PTA Approved With Official 1 Year Warranty,64499,Infinix,https://www.daraz.pk/products/infinix-note-30-pro-8-256-gb-pta-approved-with-official-1-year-warranty-i436821010-s2101334479.html?spm=a2a0e.searchlistcategory.sku.5.2b20676dDRP4Vs&search=1,No Score,123 ratings
ID NO : 74,Redmi A2+ - 3GB/64GB - Mediatek Helio G36 - Android 12- 5000 mAh Battery,19399,Xiaomi,https://www.daraz.pk/products/redmi-a2-3gb64gb-mediatek-helio-g36-android-12-5000-mah-battery-i430451931-s2051820850.html?spm=a2a0e.searchlistcategory.sku.7.2b20676dDRP4Vs&search=1,4.7,87 ratings
ID NO : 75,Realme Narzo 50A Prime (4GB-128GB) PTA Approved With Official 1 Year Warranty,32999,Realme,https://www.daraz.pk/products/realme-narzo-50a-prime-4gb-128gb-pta-approved-with-official-1-year-warranty-i436801398-s2101274809.html?spm=a2a0e.searchlistcategory.sku.9.2b20676dDRP4Vs&search=1,No Score,63 ratings
ID NO : 76,Redmi note 12 8GB RAM -128GB ROM PTA APPROVED OFFICIAL WARRANTY SUPER FAST CHARGING,50499,Redmi,https://www.daraz.pk/products/redmi-note-12-8gb-ram-128gb-rom-pta-approved-official-warranty-super-fast-charging-i421521093-s1991845039.html?spm=a2a0e.searchlistcategory.sku.11.2b20676dDRP4Vs&search=1,3.3,110 ratings
ID NO : 77,"Infinix Note 30 8GB/128GB - Android 13 - 6.78"" Display - 5000 mAh Battery",43499,Infinix,https://www.daraz.pk/products/infinix-note-30-8gb128gb-android-13-678-display-5000-mah-battery-i436820987-s2101357944.html?spm=a2a0e.searchlistcategory.sku.13.2b20676dDRP4Vs&search=1,No Score,70 ratings
ID NO : 78,Tecno SPARK 10 PRO 8GB RAM - 256GB ROM PTA APPROVED OFFICIAL BRAND WARRANTY,38450,Tecno,https://www.daraz.pk/products/tecno-spark-10-pro-8gb-ram-256gb-rom-pta-approved-official-brand-warranty-i436994487-s2101829511.html?spm=a2a0e.searchlistcategory.sku.15.2b20676dDRP4Vs&search=1,4.6,111 ratings
ID NO : 710,vivo Y17s - 6GB RAM - 128GB ROM - 5000mAh Battery - 50+2 MP Camera - Helio G85 Processor,44999,Vivo,https://www.daraz.pk/products/vivo-y17s-6gb-ram-128gb-rom-5000mah-battery-502-mp-camera-helio-g85-processor-i434216463-s2082615909.html?spm=a2a0e.searchlistcategory.sku.19.2b20676dDRP4Vs&search=1,4.8,97 ratings
ID NO : 711,Samsung Galaxy A14 6GB+128GB,54999,Samsung,https://www.daraz.pk/products/samsung-galaxy-a14-6gb128gb-i422210787-s1998035735.html?spm=a2a0e.searchlistcategory.sku.21.2b20676dDRP4Vs&search=1,4.3,134 ratings
ID NO : 712,"Redmi 12C - 6.71"" Inch Display - 4GB RAM",25990,Redmi,https://www.daraz.pk/products/redmi-12c-671-inch-display-4gb-ram-i425222112-s2014006595.html?spm=a2a0e.searchlistcategory.sku.23.2b20676dDRP4Vs&search=1,4.5,144 ratings
ID NO : 713,Redmi A2+ || 3GB Ram 64GB Rom || 5000mAh Battery Xiaomi Redmi A2 Plus,19999,Redmi,https://www.daraz.pk/products/a2-3gb-64gb-5000mah-i430324944-s2050666136.html?spm=a2a0e.searchlistcategory.sku.25.2b20676dDRP4Vs&search=1,4.7,64 ratings
ID NO : 714,Samsung Galaxy A24 8GB+128GB,72999,Samsung,https://www.daraz.pk/products/samsung-galaxy-a24-8gb128gb-i427414634-s2030038838.html?spm=a2a0e.searchlistcategory.sku.27.2b20676dDRP4Vs&search=1,4.6,34 ratings
ID NO : 715,"Infinix Hot 30 , 8GB RAM 128GB ROM , 50MP Main Camera , Fingerprint , 5000mAh Battery",36999,Infinix,https://www.daraz.pk/products/30-8gb-128gb-50mp-5000mah-i432054677-s2064260237.html?spm=a2a0e.searchlistcategory.sku.29.2b20676dDRP4Vs&search=1,4.9,86 ratings
ID NO : 716,Samsung Galaxy A04 4GB+64GB,42999,Samsung,https://www.daraz.pk/products/samsung-galaxy-a04-4gb64gb-i421205430-s1988618927.html?spm=a2a0e.searchlistcategory.sku.31.2b20676dDRP4Vs&search=1,4.6,38 ratings
ID NO : 717,Xiaomi Redmi Note 12 || 8GB Ram 128GB Rom || 5000mAh Battery 33W Fast Charger,50399,Xiaomi,https://www.daraz.pk/products/12-8gb-128gb-5000mah-33-i421379488-s1989920618.html?spm=a2a0e.searchlistcategory.sku.33.2b20676dDRP4Vs&search=1,4.8,44 ratings
ID NO : 718,Sparx neo 7 ultra 8GB RAM 128GB ROM || 50 MP dual camera || 5000mAh battery || PTA approved || 1 year brand warranty,32999,Sparx,https://www.daraz.pk/products/sparx-neo-7-ultra-8gb-ram-128gb-rom-50-mp-dual-camera-5000mah-battery-pta-approved-1-year-brand-warranty-i432785193-s2114126786.html?spm=a2a0e.searchlistcategory.sku.35.2b20676dDRP4Vs&search=1,4.3,67 ratings
ID NO : 719,itel A60s 4GB RAM* +128GB ROM 6.6″ HD+ Display 5000mAh Battery PTA approved Official Brand Warranty,22399,itel,https://www.daraz.pk/products/itel-a60s-4gb-ram-128gb-rom-66-hd-display-5000mah-battery-pta-approved-official-brand-warranty-i432849791-s2069109931.html?spm=a2a0e.searchlistcategory.sku.37.2b20676dDRP4Vs&search=1,4.7,101 ratings
ID NO : 720,"Itel S23 - 6.6"" Inch Display - 8GB + 8GB RAM - 128GB / 256GB ROM",27999,Itel,https://www.daraz.pk/products/itel-s23-66-inch-display-8gb-8gb-ram-128gb-256gb-rom-i427991771-s2034404169.html?spm=a2a0e.searchlistcategory.sku.39.2b20676dDRP4Vs&search=1,4.5,88 ratings
ID NO : 721,Samsung Galaxy A04 4GB - 64GB OFFICIAL PTA APPROVED OFFICIAL WARRANTY,29999,Samsung,https://www.daraz.pk/products/samsung-galaxy-a04-4gb-64gb-official-pta-approved-official-warranty-i438355041-s2122292352.html?spm=a2a0e.searchlistcategory.sku.41.2b20676dDRP4Vs&search=1,4.5,1 ratings
ID NO : 722,"Redmi 12C, 4GB RAM 128GB ROM , 50 MP Al Dual Camera , Finger Sensor , 5000 mAh Battery , Fast Charging",29999,Redmi,https://www.daraz.pk/products/12c-4gb-128gb-50-mp-al-5000-mah-i430225803-s2080865730.html?spm=a2a0e.searchlistcategory.sku.43.2b20676dDRP4Vs&search=1,4.8,49 ratings
ID NO : 723,"Infinix Note 30 , 8GB RAM 256GB ROM , 64MP Main Camera , Fingerprint , 5000mAh Fast Charging",46999,Infinix,https://www.daraz.pk/products/30-8gb-256gb-64mp-5000mah-i430239285-s2059656609.html?spm=a2a0e.searchlistcategory.sku.45.2b20676dDRP4Vs&search=1,4.8,4 ratings
ID NO : 724,Honor X5 Dual SIM 2GB RAM 32GB 4G 1Year Official Warranty,19999,Honor,https://www.daraz.pk/products/honor-x5-dual-sim-2gb-ram-32gb-4g-1year-official-warranty-i421054632-s1988619536.html?spm=a2a0e.searchlistcategory.sku.47.2b20676dDRP4Vs&search=1,4.7,7 ratings
ID NO : 725,VGOTEL NOTE 23 8+8=16GB RAM 256GB ROM = 5000mAh BATTERY,32999,VGOTEL,https://www.daraz.pk/products/23-8-8-16gb-256gb-5000mah-i438405502-s2132478338.html?spm=a2a0e.searchlistcategory.sku.49.2b20676dDRP4Vs&search=1,5.0,162 ratings
ID NO : 726,OPPO A17 4GB + 64GB 5000mAh Battery,36999,OPPO,https://www.daraz.pk/products/oppo-a17-4gb-64gb-5000mah-battery-i422151695-s1997383387.html?spm=a2a0e.searchlistcategory.sku.51.2b20676dDRP4Vs&search=1,4.7,20 ratings
ID NO : 727,"Oppo A57 2022 - 6.5"" HD Display - 4GB RAM - 64GB ROM - Dual Sim - PTA Approved - Phone And Box Only (Charger, Accessories Not Included - Mix Color)",26999,Oppo,https://www.daraz.pk/products/oppo-a57-2022-65-hd-display-4gb-ram-64gb-rom-dual-sim-pta-approved-phone-and-box-only-charger-accessories-not-included-mix-color-i436693448-s2098342045.html?spm=a2a0e.searchlistcategory.sku.53.2b20676dDRP4Vs&search=1,4.5,37 ratings
ID NO : 728,Original Vivo Y85 with Box & Charger - Dual Sim Approved - Vivo Y85a - 4GB RAM Mobile - Snapdragon Mobile,15999,Original,https://www.daraz.pk/products/original-vivo-y85-with-box-charger-dual-sim-approved-vivo-y85a-4gb-ram-mobile-snapdragon-mobile-i436809943-s2101413702.html?spm=a2a0e.searchlistcategory.sku.55.2b20676dDRP4Vs&search=1,3.0,11 ratings
ID NO : 730,Samsung Galaxy A14 4GB+128GB,51999,Samsung,https://www.daraz.pk/products/samsung-galaxy-a14-4gb128gb-i422211748-s1998041160.html?spm=a2a0e.searchlistcategory.sku.59.2b20676dDRP4Vs&search=1,4.7,26 ratings
ID NO : 731,Sparx Neo X || 4GB RAM 64GB ROM || 50MP +2MP Camera || 5000mAh Battery || PTA Approved || 1 Year Brand Warranty,25999,Sparx,https://www.daraz.pk/products/sparx-neo-x-4gb-ram-64gb-rom-50mp-2mp-camera-5000mah-battery-pta-approved-1-year-brand-warranty-i429329343-s2045915202.html?spm=a2a0e.searchlistcategory.sku.61.2b20676dDRP4Vs&search=1,4.7,4 ratings
ID NO : 732,VGOTEL Note 23 || 8GB+8GB RAM 256GB ROM || 5000mAh Battery,32999,VGOTEL,https://www.daraz.pk/products/23-8gb-8gb-256gb-5000mah-i438924368-s2124853901.html?spm=a2a0e.searchlistcategory.sku.63.2b20676dDRP4Vs&search=1,No Score,11 ratings
ID NO : 734,Redmi 12C || 4GB Ram 128GB Rom || 6.71 Inches IPS Display || 5000 mAh - Battery charging 10W wired,28999,Redmi,https://www.daraz.pk/products/12c-4gb-1-000-gb-10w-i426364045-s2024317570.html?spm=a2a0e.searchlistcategory.sku.67.2b20676dDRP4Vs&search=1,4.9,17 ratings
ID NO : 735,"Oppo A57 - 5.2"" HD Display - 4GB RAM - 64GB ROM - Dual Sim - PTA Approved - Phone And Box Only (Charger, Accessories Not Included - Mix Color)",13999,Oppo,https://www.daraz.pk/products/oppo-a57-52-hd-display-4gb-ram-64gb-rom-dual-sim-pta-approved-phone-and-box-only-charger-accessories-not-included-mix-color-i436688385-s2098284266.html?spm=a2a0e.searchlistcategory.sku.69.2b20676dDRP4Vs&search=1,3.1,39 ratings
ID NO : 736,Samsung Galaxy A04s 4GB - 128GB OFFICIAL PTA APPROVED OFFICIAL WARRANTY,39999,Samsung,https://www.daraz.pk/products/samsung-galaxy-a04s-4gb-128gb-official-pta-approved-official-warranty-i429492323-s2045838409.html?spm=a2a0e.searchlistcategory.sku.71.2b20676dDRP4Vs&search=1,4.7,2 ratings
ID NO : 737,"Xiaomi Note 12 , 8GB RAM 128GB ROM , 50MP Main Camera , Finger Sensor , 5000mAh Fast Chargiing",49999,Xiaomi,https://www.daraz.pk/products/12-8gb-128gb-50mp-5000mah-i429660348-s2045859828.html?spm=a2a0e.searchlistcategory.sku.73.2b20676dDRP4Vs&search=1,5.0,7 ratings
ID NO : 738,"Sparx S7 2GB Ram 32GB Rom Tripple Camera 4000mAh Battery 5.45"" Display with One year brand warranty and PTA Approved",14999,Sparx,https://www.daraz.pk/products/sparx-s7-2gb-ram-32gb-rom-tripple-camera-4000mah-battery-545-display-with-one-year-brand-warranty-and-pta-approved-i434688222-s2089434696.html?spm=a2a0e.searchlistcategory.sku.75.2b20676dDRP4Vs&search=1,3.6,114 ratings
ID NO : 739,"Redmi Note 12 8GB Ram 128GB Rom, Display Size 6.67 Inches, Battery Capacity 5000 mAh , Fast charging 33W",49999,Redmi,https://www.daraz.pk/products/12-8gb-128gb-667-5000-mah-33w-i432482913-s2064737683.html?spm=a2a0e.searchlistcategory.sku.77.2b20676dDRP4Vs&search=1,4.8,57 ratings
ID NO : 740,"Redmi A2 Plus , 3GB RAM 64GB ROM , 8MP Main Camera , Fingerprint , 5000mAh Fast Charging",19999,Redmi,https://www.daraz.pk/products/a2-3gb-64gb-8mp-5000mah-i431415621-s2075020731.html?spm=a2a0e.searchlistcategory.sku.79.2b20676dDRP4Vs&search=1,4.5,53 ratings
ID NO : 81,Tecno CAMON 20 8GB RAM-256GB ROM 5000MAH BATTERY PTA APPROVED OFFICIAL BRAND WARRANTY,45496,Tecno,https://www.daraz.pk/products/20-8gb-ram-256gb-5000mah-pta-i432856844-s2101369194.html?spm=a2a0e.searchlistcategory.sku.1.93b6676d3STlYk&search=1,4.5,32 ratings
ID NO : 82,"Samsung Galaxy A04 - 6.5"" Inch Display - 3GB RAM - 32GB ROM",23499,Samsung,https://www.daraz.pk/products/samsung-galaxy-a04-65-inch-display-3gb-ram-32gb-rom-i396504249-s1921861685.html?spm=a2a0e.searchlistcategory.sku.3.93b6676d3STlYk&search=1,5.0,16 ratings
ID NO : 83,"Tecno Camon 20 - 8GB/256GB - 64 MP Camera - 5000 mAH- Battery - 6.67""",49999,Tecno,https://www.daraz.pk/products/tecno-camon-20-8gb256gb-64-mp-camera-5000-mah-battery-667-i428102257-s2035159540.html?spm=a2a0e.searchlistcategory.sku.5.93b6676d3STlYk&search=1,4.7,68 ratings
ID NO : 84,Xiaomi 13T (12GB-256GB) PTA Approved With Official 1 Year Warranty,169999,Xiaomi,https://www.daraz.pk/products/13t-12gb-256gb-1-pta-i433497804-s2080954311.html?spm=a2a0e.searchlistcategory.sku.7.93b6676d3STlYk&search=1,No Score,15 ratings
ID NO : 85,Infinix Hot 30 || 8GB+8GB Ram 128GB Rom || 5000mAh Battery,36999,Infinix,https://www.daraz.pk/products/30-8gb-128gb-5000mah-i431382940-s2064284782.html?spm=a2a0e.searchlistcategory.sku.9.93b6676d3STlYk&search=1,4.7,2 ratings
ID NO : 86,"Infinix Note 30 , 8GB RAM 256GB ROM , 64MP Main Camera , Fingerprint , 5000mAh Fast Charging",46999,Infinix,https://www.daraz.pk/products/30-8gb-256gb-64mp-5000mah-i428260994-s2049065109.html?spm=a2a0e.searchlistcategory.sku.11.93b6676d3STlYk&search=1,4.7,1 ratings
ID NO : 87,Redmi 12 || 8GB Ram 128GB Rom || 5000mAh Battery,42999,Redmi,https://www.daraz.pk/products/12-air-8gb-128gb-wach-5000mah-i432544717-s2064878271.html?spm=a2a0e.searchlistcategory.sku.13.93b6676d3STlYk&search=1,4.7,2 ratings
ID NO : 88,vivo V29e 5G - 8+8GB Extended RAM - 256GB ROM - 50MP AF Group Selfie - 120Hz Amoled Display,109999,Vivo,https://www.daraz.pk/products/vivo-v29e-5g-88gb-extended-ram-256gb-rom-50mp-af-group-selfie-120hz-amoled-display-i437889286-s2113900508.html?spm=a2a0e.searchlistcategory.sku.15.93b6676d3STlYk&search=1,3.8,47 ratings
ID NO : 89,"Redmi 12C, 4GB RAM 128GB ROM , 50 MP Al Dual Camera , Finger Sensor , 5000 mAh Battery , Fast Charging",28999,Redmi,https://www.daraz.pk/products/12c-4gb-128-50-mp-al-5000-mah-i425099135-s2013184806.html?spm=a2a0e.searchlistcategory.sku.17.93b6676d3STlYk&search=1,4.5,8 ratings
ID NO : 810,"Infinix Hot 30 Play - 6.82"" Inch Display - 4GB RAM - 64GB / 12GB ROM",29899,Infinix,https://www.daraz.pk/products/infinix-hot-30-play-682-inch-display-4gb-ram-64gb-12gb-rom-i427479408-s2032892687.html?spm=a2a0e.searchlistcategory.sku.19.93b6676d3STlYk&search=1,4.7,2 ratings
ID NO : 811,Combo Deal - Vivo Y85 - Dual Sim PTA Approved - Vivo Y85a - 4GB RAM Mobile - Snapdragon Mobile,16998,Combo,https://www.daraz.pk/products/combo-deal-imported-brand-new-vivo-y85-pta-approved-626-full-hd-display-vivo-y85a-dual-sim-4gb-ram-mobile-64gb-rom-snapdragon-processor-fingerprint-sensor-android-oreo-i437119886-s2102469408.html?spm=a2a0e.searchlistcategory.sku.21.93b6676d3STlYk&search=1,3.5,1 ratings
ID NO : 812,Imported Oppo A57 with Box Charger - Dual Sim Approved - 3GB RAM Mobile - Snapdragon Processor Mobile,12993,Imported,https://www.daraz.pk/products/imported-oppo-a57-with-box-charger-dual-sim-approved-3gb-ram-mobile-snapdragon-processor-mobile-i437875086-s2119073366.html?spm=a2a0e.searchlistcategory.sku.23.93b6676d3STlYk&search=1,5.0,40 ratings
ID NO : 814,TECNO CAMON 20 - 8GB+8GB RAM 256GB ROM - 5000 mAh Battery,46399,TECNO,https://www.daraz.pk/products/20-8gb-8gb-256gb-5000-mah-i428986336-s2045897546.html?spm=a2a0e.searchlistcategory.sku.27.93b6676d3STlYk&search=1,5.0,22 ratings
ID NO : 815,Itel A60s || 4GB + 128GB || 6.6 inches IPS Display || Battery Li-Po 5000 mAh,22999,Itel,https://www.daraz.pk/products/a60s-wach-4gb-128gb-wach-66-mah-i431406016-s2057010875.html?spm=a2a0e.searchlistcategory.sku.29.93b6676d3STlYk&search=1,4.9,13 ratings
ID NO : 816,"Y81 - 6.22"" HD Display - Dual Sim - 6GB RAM - 128GB ROM - Android Oreo - PTA Approved - Phone And Box Only (No Charger, No Accessories Included)",17999,Y81,https://www.daraz.pk/products/y81-622-hd-display-dual-sim-6gb-ram-128gb-rom-android-oreo-pta-approved-phone-and-box-only-no-charger-no-accessories-included-i436693426-s2098327886.html?spm=a2a0e.searchlistcategory.sku.31.93b6676d3STlYk&search=1,No Score,24 ratings
ID NO : 817,Infinix Note 30 8GB Ram 256GB Memory,45498,Infinix,https://www.daraz.pk/products/30-8gb-256gb-i433100478-s2101350773.html?spm=a2a0e.searchlistcategory.sku.33.93b6676d3STlYk&search=1,5.0,12 ratings
ID NO : 818,HONOR X5 - 2GB RAM 32GB ROM - 6.5 Inch - Dual SIM - 5000mAh Battery,19499,HONOR,https://www.daraz.pk/products/2gb-x5-32gb-65-5000mah-i425133239-s2013216692.html?spm=a2a0e.searchlistcategory.sku.35.93b6676d3STlYk&search=1,4.0,22 ratings
ID NO : 819,"Oppo A37 – Dual Sim Approved – 2Gb Ram Mobile - Phone Only (No Charger, Box and Accessories Included)",9996,Oppo,https://www.daraz.pk/products/oppo-a37-dual-sim-approved-2gb-ram-mobile-phone-only-no-charger-box-and-accessories-included-i439325276-s2126522354.html?spm=a2a0e.searchlistcategory.sku.37.93b6676d3STlYk&search=1,5.0,1 ratings
ID NO : 820,"Infinix Hot 30 Play RAM 4 GB ROM 64 GB Front Camera 8 MP Back Camera 16 MP + QVGA Battery Type Li-Po 6000 mAh, non-removable",29980,Infinix,https://www.daraz.pk/products/30-4-gb-64-gb-8-mp-16-mp-qvga-li-po-6000-mah-i427233504-s2030846651.html?spm=a2a0e.searchlistcategory.sku.39.93b6676d3STlYk&search=1,4.7,11 ratings
ID NO : 821,"Tecno Spark 10 Pro , 8GB RAM 128GB ROM , Back Camera 50 MP , fingersensor , 5000mAh Battery",37999,Tecno,https://www.daraz.pk/products/10-8gb-128gb-50-mp-5000mah-i432744611-s2082293665.html?spm=a2a0e.searchlistcategory.sku.41.93b6676d3STlYk&search=1,4.7,16 ratings
ID NO : 822,"Redmi 12 - 6.79"" Inch Display - 8GB RAM - 128GB ROM",43950,Redmi,https://www.daraz.pk/products/redmi-12-679-inch-display-8gb-ram-128gb-rom-i428779197-s2045906124.html?spm=a2a0e.searchlistcategory.sku.43.93b6676d3STlYk&search=1,4.8,12 ratings
ID NO : 823,Redmi Note 12 || 8GB Ram 128GB Rom || 6.67 Inches AMOLED Display || 5000 mAh - Fast charging 33W wired ||,50699,Redmi,https://www.daraz.pk/products/12-8gb-1-000-gb-128-20-33-i421271122-s1988956005.html?spm=a2a0e.searchlistcategory.sku.45.93b6676d3STlYk&search=1,4.8,10 ratings
ID NO : 824,"Nokia C31 Smartphone with 6.75"" HD+ Display and 5050 mAh non-removable battery, 4GB RAM / 128GB ROM, Android 12 OS, 2 years quarterly security updates, 13MP triple rear and selfie cameras - PTA approved",33999,Nokia,https://www.daraz.pk/products/nokia-c31-smartphone-with-675-hd-display-and-5050-mah-non-removable-battery-4gb-ram-128gb-rom-android-12-os-2-years-quarterly-security-updates-13mp-triple-rear-and-selfie-cameras-pta-approved-i377709677-s1863875966.html?spm=a2a0e.searchlistcategory.sku.47.93b6676d3STlYk&search=1,No Score,21 ratings
ID NO : 827,"Redmi Note 12 - 6.67"" Inch Display - 8GB RAM - 128GB / 256GB ROM",50950,Redmi,https://www.daraz.pk/products/redmi-note-12-667-inch-display-8gb-ram-128gb-rom-i422415065-s1998747923.html?spm=a2a0e.searchlistcategory.sku.53.93b6676d3STlYk&search=1,3.6,33 ratings
ID NO : 828,"Infinix Hot 30 8GB/128GB - Android 13 - 6.78"" Display - 5000 mAh Battery",37999,Infinix,https://www.daraz.pk/products/infinix-hot-30-8gb128gb-android-13-678-display-5000-mah-battery-i436825331-s2101354359.html?spm=a2a0e.searchlistcategory.sku.55.93b6676d3STlYk&search=1,No Score,23 ratings
ID NO : 829,"Redmi A2 Plus , 3GB Ram 4GB Rom , 6.5 Inches IPS Display , 5000 mAh - Battery",19999,Redmi,https://www.daraz.pk/products/a2-3gb-4gb-65-ips-5000-mah-i431941132-s2060289933.html?spm=a2a0e.searchlistcategory.sku.57.93b6676d3STlYk&search=1,4.8,17 ratings
ID NO : 830,"Vivo Y17s , 6GB Ram 128GB Rom , Mediatek Helio G85 , 6.56 Inches IPS Display , 5000 mAh- Fast battery 15W",44999,Vivo,https://www.daraz.pk/products/6gb-y17s-128gb-g85-656-ips-5000-mah-15-i434165099-s2094165661.html?spm=a2a0e.searchlistcategory.sku.59.93b6676d3STlYk&search=1,5.0,6 ratings
ID NO : 831,"Tecno Camon 20 , 8GB RAM 256GB ROM , 64MP Main Camera , Fingerprint , 5000mAh Fast Charging",48999,Tecno,https://www.daraz.pk/products/20-8gb-256gb-64mp-5000mah-i430328036-s2060801927.html?spm=a2a0e.searchlistcategory.sku.61.93b6676d3STlYk&search=1,4.9,13 ratings
ID NO : 832,"infinix Smart 7 HD , 2GB + 2GB Ram 64GB Rom , 6.6 Inches HD , 5000 mAh- Battery",21399,infinix,https://www.daraz.pk/products/7-hd-2gb-2gb-64gb-66-hd-5000-mah-i427598680-s2031585109.html?spm=a2a0e.searchlistcategory.sku.63.93b6676d3STlYk&search=1,4.9,1 ratings
ID NO : 833,"Tecno Spark 10C , 4GB + 4GB Ram 128GB Rom , 6.6 Inches IPS Display 90Hz , 5000 mAh- Fast battery 18W wired",30499,Tecno,https://www.daraz.pk/products/4gb-4gb-10c-128gb-66-ips-90hz-5000-mah-18w-i423152535-s2045830936.html?spm=a2a0e.searchlistcategory.sku.65.93b6676d3STlYk&search=1,4.5,68 ratings
ID NO : 834,ZTE Blade A52 || 4GB Ram 64GB Rom || 5000mAh Battery ||Fingerprint Sensor,19999,ZTE,https://www.daraz.pk/products/zte-a52-4gb-64gb-5000mah-i380101546-s1873544626.html?spm=a2a0e.searchlistcategory.sku.67.93b6676d3STlYk&search=1,4.0,55 ratings
ID NO : 835,"Infinix Smart 7 , Back Camera 13 MP , 4GB RAM 64GB ROM , Fingerprint , 5000 mAh Battery",25999,Infinix,https://www.daraz.pk/products/7-13-mp-4gb-64gb-5000-mah-i432049716-s2080852409.html?spm=a2a0e.searchlistcategory.sku.69.93b6676d3STlYk&search=1,5.0,8 ratings
ID NO : 836,Tecno Spark 10 Pro RAM 8 GB ROM 128 GB front Camera 32 MP Back Camera 50 MP Battery Type5000 mAh,37999,Tecno,https://www.daraz.pk/products/10-8-gb-128-gb-32-mp-50-mp-i430742292-s2054564300.html?spm=a2a0e.searchlistcategory.sku.71.93b6676d3STlYk&search=1,4.8,41 ratings
ID NO : 837,"Infinix Note 30 RAM 8 GB ROM 256 GB Front Camera 16 MP Back Camera 64 MP + 2 MP + AI Cam Battery Type Li-Po 5000 mAh, non-removable",46999,Infinix,https://www.daraz.pk/products/30-8-gb-256-gb-16-mp-64-mp-2-mp-ai-5000-mah-i428559876-s2046485138.html?spm=a2a0e.searchlistcategory.sku.73.93b6676d3STlYk&search=1,4.8,11 ratings
ID NO : 838,"Sparx Neo 7 Ultra 128GB ROM | 8GB RAM Battery: 5000mAh Display: 6.52"" PTA APPROVED OFFICIAL BRAND WARRANTY",32599,Sparx,https://www.daraz.pk/products/sparx-neo-7-ultra-128gb-rom-8gb-ram-battery-5000mah-display-652-pta-approved-official-brand-warranty-i433245694-s2076772714.html?spm=a2a0e.searchlistcategory.sku.75.93b6676d3STlYk&search=1,4.2,9 ratings
ID NO : 839,"Nokia C31 - 4GB / 64GB - Smartphone with 6.75"" HD+ Display and 5050 mAh non-removable battery, 4GB RAM / 64GB ROM, Android 12 OS, 2 years quarterly security updates, 13MP triple rear and selfie cameras - PTA approved",24999,Nokia,https://www.daraz.pk/products/nokia-c31-4gb-64gb-smartphone-with-675-hd-display-and-5050-mah-non-removable-battery-4gb-ram-64gb-rom-android-12-os-2-years-quarterly-security-updates-13mp-triple-rear-and-selfie-cameras-pta-approved-i377693523-s1887139252.html?spm=a2a0e.searchlistcategory.sku.77.93b6676d3STlYk&search=1,No Score,4 ratings
ID NO : 840,Tecno Camon 20 Pro 8GB 256GB | 64-megapixel primary camera | MediaTek G99 processor | 5000mAh battery | 1 Year Brand warranty,61999,Tecno,https://www.daraz.pk/products/20-8gb-26gb-64-g99-1-mah-21-i433969037-s2095364064.html?spm=a2a0e.searchlistcategory.sku.79.93b6676d3STlYk&search=1,5.0,1 ratings
ID NO : 91,Tecno Spark 10C RAM 4 GB ROM 128 GB Front Camera 8 MP Back Camera 16 MP Battery Type 5000 mAh,29999,Tecno,https://www.daraz.pk/products/10c-4-gb-128-gb-8-mp-16-mp-5000-mah-i423480189-s2005139183.html?spm=a2a0e.searchlistcategory.sku.1.3861676d9CbO6N&search=1,5.0,1 ratings
ID NO : 92,"Xiaomi 13T - 6.67"" Inch Display - 12GB RAM - 256GB ROM",169899,Xiaomi,https://www.daraz.pk/products/xiaomi-13t-667-inch-display-12gb-ram-256gb-rom-i434191686-s2083035287.html?spm=a2a0e.searchlistcategory.sku.3.3861676d9CbO6N&search=1,5.0,2 ratings
ID NO : 93,Samsung Galaxy A04e 3GB+32GB,28699,Samsung,https://www.daraz.pk/products/samsung-galaxy-a04e-3gb32gb-i424968322-s2012724492.html?spm=a2a0e.searchlistcategory.sku.5.3861676d9CbO6N&search=1,4.8,24 ratings
ID NO : 94,"Redmi A1 Plus - 6.52"" Inch Display - 2GB RAM - 32GB ROM",18899,Redmi,https://www.daraz.pk/products/a1-4-2gb-32gb-i375939955-s1861306345.html?spm=a2a0e.searchlistcategory.sku.7.3861676d9CbO6N&search=1,4.7,16 ratings
ID NO : 95,Xiaomi Redmi Note 12 - 8GB RAM 128GB/256GB ROM - 5000mAh Battery,51999,Xiaomi,https://www.daraz.pk/products/12-8gb-128gb-5000mah-i421094416-s1988401363.html?spm=a2a0e.searchlistcategory.sku.9.3861676d9CbO6N&search=1,4.5,1 ratings
ID NO : 96,"Realme Narzo 50 - 6.56"" Inch Display - 4GB RAM - 64GB ROM",39999,Realme,https://www.daraz.pk/products/realme-narzo-50-656-inch-display-4gb-ram-64gb-rom-i406761791-s1954716410.html?spm=a2a0e.searchlistcategory.sku.11.3861676d9CbO6N&search=1,4.8,12 ratings
ID NO : 97,"Mobile Y85a, Dual Sim, Display 6.2""in, Storage 4/64 GB, Battery 3260 mAh, PTA Approved.",17950,Mobile,https://www.daraz.pk/products/mobile-y85a-dual-sim-display-62in-storage-464-gb-battery-3260-mah-pta-approved-i413772192-s1972275037.html?spm=a2a0e.searchlistcategory.sku.13.3861676d9CbO6N&search=1,3.4,15 ratings
ID NO : 98,Samsung Galaxy A14 - 6GB ROM 128 GB - PTA Approved 1 Year Official Warranty,53999,Samsung,https://www.daraz.pk/products/samsung-galaxy-a14-6gb-rom-128-gb-pta-approved-1-year-official-warranty-i428408681-s2037400447.html?spm=a2a0e.searchlistcategory.sku.15.3861676d9CbO6N&search=1,4.9,7 ratings
ID NO : 99,Tecno Camon 20 || 8GB ROM 256GB ROM || 64MP Triple Camera || 5000mAh Battery (Fast Charging) || PTA Approved || 1Year Brand Warrenty,47999,Tecno,https://www.daraz.pk/products/tecno-camon-20-8gb-rom-256gb-rom-64mp-triple-camera-5000mah-battery-fast-charging-pta-approved-1year-brand-warrenty-i428414881-s2046367834.html?spm=a2a0e.searchlistcategory.sku.17.3861676d9CbO6N&search=1,5.0,1 ratings
ID NO : 910,"Tecno Camon 20 - 8GB RAM 256GB ROM - 6.67"" AMOLED Display - Finger On Screen - 5000mAh Battery - 33W Fast Charge - 32MP Selfie Camera - 64 MP + 2MP + AI Cam + Quad Flash - PTA Approved",47999,Tecno,https://www.daraz.pk/products/20-8gb-256gb-667-5000mah-33-32mp-64-mp-2mp-ai-pta-i429300546-s2089900980.html?spm=a2a0e.searchlistcategory.sku.19.3861676d9CbO6N&search=1,1.0,12 ratings
ID NO : 911,"Xiaomi Redmi 12 || 8GB + 128GB || 6.79"" IPS Display || 5000 mah Battery",42999,Xiaomi,https://www.daraz.pk/products/12-8-gb-18-gb-ips-100-mah-i432707379-s2068103885.html?spm=a2a0e.searchlistcategory.sku.21.3861676d9CbO6N&search=1,5.0,1 ratings
ID NO : 912,"Xiaomi 13T , 12GB RAM 256GB ROM , 50MP Main Camera , Fingerprint , 5000mAh Battery",179999,Xiaomi,https://www.daraz.pk/products/13t-12gb-256gb-50mp-5000mah-i433939264-s2081872040.html?spm=a2a0e.searchlistcategory.sku.23.3861676d9CbO6N&search=1,5.0,1 ratings
ID NO : 913,VGOTEL New 22 || 4+3 GB Ram 128GB Rom || 5000mAh Battery,22999,VGOTEL,https://www.daraz.pk/products/22-4-3-gb-128gb-5000mah-i386865646-s1909346836.html?spm=a2a0e.searchlistcategory.sku.25.3861676d9CbO6N&search=1,4.8,89 ratings
ID NO : 914,INFINIX NOTE 30 - 8GB+8GB =16GB RAM 256GB ROM - 5000 mAh Battery,46799,INFINIX,https://www.daraz.pk/products/30-8gb-8gb-16gb-256gb-5000-mah-i428410536-s2037419674.html?spm=a2a0e.searchlistcategory.sku.27.3861676d9CbO6N&search=1,4.8,11 ratings
ID NO : 915,"Samsung A54 5G - 6.4"" Inch Display - 8GB RAM",134999,Samsung,https://www.daraz.pk/products/samsung-a54-5g-64-inch-display-8gb-ram-i428866152-s2045902288.html?spm=a2a0e.searchlistcategory.sku.29.3861676d9CbO6N&search=1,5.0,4 ratings
ID NO : 916,Tecno Spark 10 Pro || 8GB Ram 128GB Rom || 5000mAh Battery,37499,Tecno,https://www.daraz.pk/products/10-wach-8gb-128gb-wach-5000mah-i431094695-s2056254503.html?spm=a2a0e.searchlistcategory.sku.31.3861676d9CbO6N&search=1,4.6,48 ratings
ID NO : 917,Infinix Zero 30 4G RAM 8 GB ROM 256 GB Front Camera 50 MP Back Camera 108 MP + 2 MP + 2 MP Battery Type 5000 mAh,69990,Infinix,https://www.daraz.pk/products/30-4g-8-gb-256-gb-50-mp-2-mp-2-mp-2-mp-i438403361-s2122417884.html?spm=a2a0e.searchlistcategory.sku.33.3861676d9CbO6N&search=1,No Score,1 ratings
ID NO : 918,Sparx Neo 7 Plus || 4 Gb RAM 64 GB ROM || 13MP Camera || 5000mAh Battery || PTA Approved || 1Year Brand Warranty,24599,Sparx,https://www.daraz.pk/products/sparx-neo-7-plus-4-gb-ram-64-gb-rom-13mp-camera-5000mah-battery-pta-approved-1year-brand-warranty-i429414221-s2053918040.html?spm=a2a0e.searchlistcategory.sku.35.3861676d9CbO6N&search=1,4.7,31 ratings
ID NO : 919,"SPARX S3 2GB RAM 16GB ROM || 5.5"" DISPLAY || 2700 mAh BATTERY || DUAL CAMERA || ONE YEAR BRAND WARRANTY || PTA APPROVED",13499,SPARX,https://www.daraz.pk/products/sparx-s3-2gb-ram-16gb-rom-55-display-2700-mah-battery-dual-camera-one-year-brand-warranty-pta-approved-i410701911-s1965842841.html?spm=a2a0e.searchlistcategory.sku.37.3861676d9CbO6N&search=1,4.0,11 ratings
ID NO : 920,"Xiaomi 13T Pro - 6.67"" Inch AMOLED Display - 12GB RAM - 512GB ROM",238499,Xiaomi,https://www.daraz.pk/products/xiaomi-13t-pro-667-inch-amoled-display-12gb-ram-512gb-rom-i434620695-s2084510864.html?spm=a2a0e.searchlistcategory.sku.39.3861676d9CbO6N&search=1,4.0,44 ratings
ID NO : 921,itel S23 || 8GB+8GB Ram 256GB Rom || 5000mAh Battery,32999,itel,https://www.daraz.pk/products/s23-wace-8gb-8gb-8gb-wach-256-mah-i433348791-s2077723745.html?spm=a2a0e.searchlistcategory.sku.41.3861676d9CbO6N&search=1,4.9,17 ratings
ID NO : 922,"Xiaomi Redmi Note 12 RAM 8 GB ROM 128 Front Camera 13 MP Back Camera 50 MP + 8 MP + 2 MP Battery Type Li-Po 5000 mAh, non-removable",49999,Xiaomi,https://www.daraz.pk/products/12-8-gb-128-13-mp-50-mp-8-mp-2-mp-5000-mah-i421162647-s1988554083.html?spm=a2a0e.searchlistcategory.sku.43.3861676d9CbO6N&search=1,5.0,27 ratings
ID NO : 923,Infinix Note 30 Pro || 8GB + 8GB Ram 256GB Rom || 5000mAh Battery,62999,Infinix,https://www.daraz.pk/products/30-wach-8gb-8gb-256gb-wach-5000mah-i434663051-s2087284478.html?spm=a2a0e.searchlistcategory.sku.45.3861676d9CbO6N&search=1,5.0,25 ratings
ID NO : 924,Samsung Galaxy A04 4GB - 64GB OFFICIAL PTA APPROVED OFFICIAL WARRANTY,29999,Samsung,https://www.daraz.pk/products/samsung-galaxy-a04-4gb-64gb-official-pta-approved-official-warranty-i398449277-s1927450413.html?spm=a2a0e.searchlistcategory.sku.47.3861676d9CbO6N&search=1,4.7,4 ratings
ID NO : 926,Redmi 12C || 4GB Ram 128GB Rom || 6.71 Inches IPS Display || 5000 mAh - Battery charging 10W wired,28999,Redmi,https://www.daraz.pk/products/12c-4gb-1-000-gb-10w-i425749788-s2018940686.html?spm=a2a0e.searchlistcategory.sku.51.3861676d9CbO6N&search=1,4.7,1 ratings
ID NO : 927,Infinix Note 30 Pro 8GB Ram 256 GB Memory,62989,Infinix,https://www.daraz.pk/products/30-8gb-256-gb-i433099468-s2101353493.html?spm=a2a0e.searchlistcategory.sku.53.3861676d9CbO6N&search=1,No Score,10 ratings
ID NO : 928,Google Pixel 4a 5G 6GB Ram 128GB Rom,56000,Google,https://www.daraz.pk/products/6gb-5g-4a-128gb-i434321554-s2085759583.html?spm=a2a0e.searchlistcategory.sku.55.3861676d9CbO6N&search=1,4.8,4 ratings
ID NO : 929,"Samsung Galaxy A13 - 6.6"" Inch display - 4GB RAM",43499,Samsung,https://www.daraz.pk/products/samsung-galaxy-a13-66-inch-display-4gb-ram-i290940312-s1563556886.html?spm=a2a0e.searchlistcategory.sku.57.3861676d9CbO6N&search=1,4.7,3 ratings
ID NO : 930,REDMI A2 PLUS - 3+3GB RAM 64GB ROM - 5000 mAh Battery,19499,REDMI,https://www.daraz.pk/products/a2-3-3gb-64gb-5000-mah-i430536989-s2053583383.html?spm=a2a0e.searchlistcategory.sku.59.3861676d9CbO6N&search=1,5.0,8 ratings
ID NO : 931,Infinix Smart 7 || 4GB + 3GB Ram 64GB Rom || 6.6 Inches HD + Sunlight Display || 5000 mAh- Fast charging 10W,25999,Infinix,https://www.daraz.pk/products/7-ace-4gb-3gb-64gb-66-hd-ace-5000-mah-10w-i420943912-s1987989151.html?spm=a2a0e.searchlistcategory.sku.61.3861676d9CbO6N&search=1,4.8,1 ratings
ID NO : 932,"Realme C33 , 4GB RAM 64GB ROM , Fingersensor , BackCamera 50MP , 5000mAh Battery",30999,Realme,https://www.daraz.pk/products/4gb-c33-64gb-50mp-5000mah-i432451761-s2064642431.html?spm=a2a0e.searchlistcategory.sku.63.3861676d9CbO6N&search=1,4.4,9 ratings
ID NO : 935,Redmi 12C 4GB RAM + 128GB ROM PTA Approved Mobile Phone with 1 Year Brand Warranty,30940,Redmi,https://www.daraz.pk/products/4gb-12c-128gb-pta-1-i424387894-s2010688930.html?spm=a2a0e.searchlistcategory.sku.69.3861676d9CbO6N&search=1,5.0,11 ratings
ID NO : 936,Redmi 12C 4GB RAM + 64GB ROM PTA Approved Mobile Phone with 1 Year Brand Warranty,26480,Redmi,https://www.daraz.pk/products/4gb-12c-64gb-pta-1-i424399248-s2010703886.html?spm=a2a0e.searchlistcategory.sku.71.3861676d9CbO6N&search=1,4.9,1 ratings
ID NO : 937,"Infinix Note 30 RAM 8 GB ROM 256 GB Front Camera 16 MP Back Camera 64 MP + 2 MP + AI Cam Battery Type Li-Po 5000 mAh, non-removable",46990,Infinix,https://www.daraz.pk/products/30-8-gb-256-gb-16-mp-64-mp-2-mp-ai-5000-mah-i428562717-s2046479537.html?spm=a2a0e.searchlistcategory.sku.73.3861676d9CbO6N&search=1,4.9,1 ratings
ID NO : 938,vivo Y36 - 8GB RAM - 128GB ROM - 50 + 2 MP Rear Camera - 5000mAh Battery,64999,Vivo,https://www.daraz.pk/products/vivo-y36-8gb-ram-128gb-rom-50-2-mp-rear-camera-5000mah-battery-i426929362-s2026252148.html?spm=a2a0e.searchlistcategory.sku.75.3861676d9CbO6N&search=1,4.4,4 ratings
ID NO : 939,"Samsung Galaxy A14 - 6.6"" Inch Display - 6GB RAM - 128GB ROM",55850,Samsung,https://www.daraz.pk/products/samsung-galaxy-a14-66-inch-display-6gb-ram-128gb-rom-i422792413-s2000981936.html?spm=a2a0e.searchlistcategory.sku.77.3861676d9CbO6N&search=1,5.0,2 ratings
ID NO : 940,"Xiaomi Poco X5 Pro - 6.67"" Inch FHD+ Display - 8GB RAM -256GB ROM",110750,Xiaomi,https://www.daraz.pk/products/xiaomi-poco-x5-pro-667-inch-fhd-display-8gb-ram-256gb-rom-i433110695-s2073416622.html?spm=a2a0e.searchlistcategory.sku.79.3861676d9CbO6N&search=1,5.0,1 ratings
ID NO : 101,itel S23 6.6″ HD+ Display | Up to 16+256GB Storage with Memory Fusion | Color Changing Design | 50 MP AI Camera,33499,itel,https://www.daraz.pk/products/s23-66-hd-16-256gb-50-mp-ai-i434062784-s2082218778.html?spm=a2a0e.searchlistcategory.sku.1.7dba676d8ZYjq7&search=1,4.9,89 ratings
ID NO : 102,Infinix Note 30 Pro || 8GB RAM 256Gb ROM || 108MP Triple Camera || 5000mAh Battery (Fast Charging 68W ) || PTA Approved || 1 Year Brand Warranty,63999,Infinix,https://www.daraz.pk/products/infinix-note-30-pro-8gb-ram-256gb-rom-108mp-triple-camera-5000mah-battery-fast-charging-68w-pta-approved-1-year-brand-warranty-i429065827-s2046368581.html?spm=a2a0e.searchlistcategory.sku.3.7dba676d8ZYjq7&search=1,No Score,1 ratings
ID NO : 103,Infinix Note 30 Pro - 6.67 Inch Display - 8GB + 8GB RAM - 256GB ROM,63899,Infinix,https://www.daraz.pk/products/infinix-note-30-pro-667-inch-display-8gb-8gb-ram-256gb-rom-i428486750-s2045900698.html?spm=a2a0e.searchlistcategory.sku.5.7dba676d8ZYjq7&search=1,4.0,8 ratings
ID NO : 104,"Infinix Note 30 Pro , 8GB RAM 256GB ROM , 108MP Main Camera , Fingerprint , 5000mAh Fast Charging",69999,Infinix,https://www.daraz.pk/products/30-8gb-256gb-108mp-5000mah-i428906412-s2045841922.html?spm=a2a0e.searchlistcategory.sku.7.7dba676d8ZYjq7&search=1,5.0,5 ratings
ID NO : 105,"ZTE Blade A52 - 4GB RAM - 64GB ROM - 6.52"" Inch Display - 5000mAh Battery",20499,ZTE,https://www.daraz.pk/products/zte-a52-652-4gb-64gb-i381735451-s2065422665.html?spm=a2a0e.searchlistcategory.sku.9.7dba676d8ZYjq7&search=1,4.3,3 ratings
ID NO : 106,"Infinix Note 30 Pro , 8GB RAM 256GB ROM , 108MP Main Camera , 5000mAh Battery",64999,Infinix,https://www.daraz.pk/products/30-8gb-256gb-108mp-5000mah-i437993832-s2118719724.html?spm=a2a0e.searchlistcategory.sku.11.7dba676d8ZYjq7&search=1,5.0,30 ratings
ID NO : 107,Redmi Note 12 || 8GB Ram 256GB Rom || 5000mAh Battery,61499,Redmi,https://www.daraz.pk/products/12-8gb-8gb-256-mah-i433024509-s2071826009.html?spm=a2a0e.searchlistcategory.sku.13.7dba676d8ZYjq7&search=1,4.6,1 ratings
ID NO : 108,vivo V29 5G - 12GB RAM - 256GB ROM - 50MP OIS Camera - In-Display Fingerprint - 80W Flashcharge,159999,Vivo,https://www.daraz.pk/products/vivo-v29-5g-12gb-ram-256gb-rom-50mp-ois-camera-in-display-fingerprint-80w-flashcharge-i434170266-s2082489915.html?spm=a2a0e.searchlistcategory.sku.15.7dba676d8ZYjq7&search=1,4.4,4 ratings
ID NO : 109,vivo Y36 - 8GB RAM - 256GB ROM - 50 + 2 MP Rear Camera - 5000mAh Battery,69999,Vivo,https://www.daraz.pk/products/vivo-y36-8gb-ram-256gb-rom-50-2-mp-rear-camera-5000mah-battery-i437888231-s2113531369.html?spm=a2a0e.searchlistcategory.sku.17.7dba676d8ZYjq7&search=1,5.0,21 ratings
ID NO : 1010,SONY Xperia 5 - 6GB /64GB- Official PTA Approved - Original & Water Resistant,45800,SONY,https://www.daraz.pk/products/5-6gb64gb-pta-i414197419-s1972768910.html?spm=a2a0e.searchlistcategory.sku.19.7dba676d8ZYjq7&search=1,5.0,4 ratings
ID NO : 1011,"Redmi 12 , 8GB RAM 128GB ROM , 50 MP Main Camera , Fingerprint , 5000mAh Fast Charging",42999,Redmi,https://www.daraz.pk/products/12-8gb-128gb-50-mp-5000mah-i433899458-s2081776225.html?spm=a2a0e.searchlistcategory.sku.21.7dba676d8ZYjq7&search=1,4.5,5 ratings
ID NO : 1012,"Itel S23 , 8GB RAM 256GB ROM , 50 MP Main Camera , Fingerprint , 5000mAh Battery",30999,Itel,https://www.daraz.pk/products/8gb-s23-256gb-50-mp-5000mah-i433867236-s2081681216.html?spm=a2a0e.searchlistcategory.sku.23.7dba676d8ZYjq7&search=1,3.0,3 ratings
ID NO : 1013,"Tecno Camon 20 , 8GB RAM 256GB ROM , 64MP Main Camera , Fingerprint , 5000mAh Fast Charging",46999,Tecno,https://www.daraz.pk/products/20-8gb-256gb-64mp-5000mah-i429667652-s2045908853.html?spm=a2a0e.searchlistcategory.sku.25.7dba676d8ZYjq7&search=1,5.0,8 ratings
ID NO : 1014,Xiaomi 13T || 12GB Ram 256GB Rom || 5000mAh Battery || 67W Fast Charging,169999,Xiaomi,https://www.daraz.pk/products/13t-12gb-1-000-gb-i433848108-s2081658073.html?spm=a2a0e.searchlistcategory.sku.27.7dba676d8ZYjq7&search=1,No Score,17 ratings
ID NO : 1015,"itel A17 MOBILE 1GB RAM 16GB ROM 5"" DISPLAY 5MP AI WITH FLASH CAMERA PTA APPROVED WITH ONE YEAR BRAND WARRANTY",12299,itel,https://www.daraz.pk/products/itel-a17-mobile-1gb-ram-16gb-rom-5-display-5mp-ai-with-flash-camera-pta-approved-with-one-year-brand-warranty-i316431939-s1675569659.html?spm=a2a0e.searchlistcategory.sku.29.7dba676d8ZYjq7&search=1,4.5,4 ratings
ID NO : 1016,"Vivo Y17s - 6.56"" Inch Display - 6GB RAM - 128GB ROM",43999,Vivo,https://www.daraz.pk/products/vivo-y17s-656-inch-display-6gb-ram-128gb-rom-i434359810-s2083039016.html?spm=a2a0e.searchlistcategory.sku.31.7dba676d8ZYjq7&search=1,No Score,7 ratings
ID NO : 1017,Vgotel New 12 - 2GB RAM 64GB ROM - 6.52 Inches Display - 5000mAh Battery,16999,Vgotel,https://www.daraz.pk/products/12-2gb-64gb-652-5000mah-i425532202-s2015917650.html?spm=a2a0e.searchlistcategory.sku.33.7dba676d8ZYjq7&search=1,5.0,2 ratings
ID NO : 1018,"Redmi Note 12 Pro - 6.67"" Inch Display - 8GB RAM - 256GB ROM",88799,Redmi,https://www.daraz.pk/products/redmi-note-12-pro-667-inch-display-8gb-ram-256gb-rom-i429795970-s2047221383.html?spm=a2a0e.searchlistcategory.sku.35.7dba676d8ZYjq7&search=1,4.0,1 ratings
ID NO : 1019,Vivo Y17S || 6GB+6GB Ram 128GB Rom || 5000mAh Battery,44999,Vivo,https://www.daraz.pk/products/y27s-wair-6-6gb-64gb-5000mah-i434207118-s2082927409.html?spm=a2a0e.searchlistcategory.sku.37.7dba676d8ZYjq7&search=1,4.8,10 ratings
ID NO : 1020,Infinix Hot 30 || 8GB Ram 128GB Rom || 5000mAh Battery,39999,Infinix,https://www.daraz.pk/products/30-8gb-128gb-5000mah-i432048376-s2094321959.html?spm=a2a0e.searchlistcategory.sku.39.7dba676d8ZYjq7&search=1,4.7,5 ratings
ID NO : 1021,Infinix Smart 7 4GB Ram 64GB Rom 5000mAh Battery,25999,Infinix,https://www.daraz.pk/products/7-4gb-64gb-5000mah-i419531642-s1984081549.html?spm=a2a0e.searchlistcategory.sku.41.7dba676d8ZYjq7&search=1,4.8,7 ratings
ID NO : 1022,Tecno Spark 10 4GB+4GB Ram 128GB Rom 6.6 Inches IPS Display 90Hz 5000 mAh- Fast battery 18W wired,32999,Tecno,https://www.daraz.pk/products/10-4gb-4gb-128gb-66-ips-90hz-5000-mah-18-i436407693-s2095462410.html?spm=a2a0e.searchlistcategory.sku.43.7dba676d8ZYjq7&search=1,5.0,5 ratings
ID NO : 1023,Samsung Galaxy A54 5G || 8GB+8GB Ram 256GB Rom || 5000mAh Battey,139999,Samsung,https://www.daraz.pk/products/5g-a54-8gb-8gb-256gb-5000mah-i433354188-s2077723659.html?spm=a2a0e.searchlistcategory.sku.45.7dba676d8ZYjq7&search=1,5.0,5 ratings
ID NO : 1024,"Xiaomi Redmi Note 12 Pro RAM 8 GB ROM 256 GB Front Camera 16 MP Back Camera 108 MP + 08 MP + 02 MP Battery Type Li-Po 5000 mAh, non-removable",95000,Xiaomi,https://www.daraz.pk/products/12-8-gb-256-gb-16-mp-5mp-08-mp-02-mp-li-po-108-mah-i429687998-s2046482069.html?spm=a2a0e.searchlistcategory.sku.47.7dba676d8ZYjq7&search=1,5.0,20 ratings
ID NO : 1025,Redmi Note 12 Pro - 8GB Ram 256GB Rom - 5000mAh Battery,88999,Redmi,https://www.daraz.pk/products/12-8gb-256gb-5000mah-i429700273-s2077728217.html?spm=a2a0e.searchlistcategory.sku.49.7dba676d8ZYjq7&search=1,4.8,15 ratings
ID NO : 1026,itel S23 6.6″ HD+ Display | Up to 16+128GB Storage with Memory Fusion | Color Changing Design | 50 MP AI Camera,30499,itel,https://www.daraz.pk/products/itel-s23-66-hd-display-up-to-16128gb-storage-with-memory-fusion-color-changing-design-50-mp-ai-camera-i424775876-s2012509103.html?spm=a2a0e.searchlistcategory.sku.51.7dba676d8ZYjq7&search=1,4.6,2 ratings
ID NO : 1027,"Xiaomi Redmi 12 , 8GB RAM 128GB ROM , 50 MP Main Camera , Fingerprint , 5000mAh Fast Charging",42999,Xiaomi,https://www.daraz.pk/products/12-8gb-128gb-50-mp-5000mah-i436379657-s2095426645.html?spm=a2a0e.searchlistcategory.sku.53.7dba676d8ZYjq7&search=1,5.0,4 ratings
ID NO : 1028,Xiaomi Poco X5 Pro 5G || 8GB Ram 256GB Rom || 5000mAh Battery,109999,Xiaomi,https://www.daraz.pk/products/x5-5g-wach-8gb-256gb-wach-5000mah-i432534350-s2064853630.html?spm=a2a0e.searchlistcategory.sku.55.7dba676d8ZYjq7&search=1,No Score,27 ratings
ID NO : 1029,Itel A60s || 4GB RAM 128GB ROM || 8MP camera || 5000 mAh bettery || PTA approved || 1year brand warranty,23999,Itel,https://www.daraz.pk/products/itel-a60s-4gb-ram-128gb-rom-8mp-camera-5000-mah-bettery-pta-approved-1year-brand-warranty-i431458634-s2057536404.html?spm=a2a0e.searchlistcategory.sku.57.7dba676d8ZYjq7&search=1,4.5,15 ratings
ID NO : 1030,"Infinix Hot 30 Play , 4GB RAM 64GB ROM , 16MP Main Camera , Fingersensor , 6000mAh Fast charging 18W",31999,Infinix,https://www.daraz.pk/products/30-4gb-64gb-16mp-6000mah-18-i432095802-s2064256391.html?spm=a2a0e.searchlistcategory.sku.59.7dba676d8ZYjq7&search=1,4.9,2 ratings
ID NO : 1031,VGOTEL NEW12 - 2GB+1GB RAM 64GB ROM - 5000 mAh Battery,16299,VGOTEL,https://www.daraz.pk/products/ew12-1gb-2gb-64gb-5000-mah-i425938597-s2030859267.html?spm=a2a0e.searchlistcategory.sku.61.7dba676d8ZYjq7&search=1,3.5,3 ratings
ID NO : 1032,"Realme Narzo 50A Prime - 6.6"" Inch Display - 4GB RAM - 64GB & 128GB ROM",30590,Realme,https://www.daraz.pk/products/realme-narzo-50a-prime-66-inch-display-4gb-ram-64gb-rom-i424261990-s2010226269.html?spm=a2a0e.searchlistcategory.sku.63.7dba676d8ZYjq7&search=1,4.6,2 ratings
ID NO : 1033,"Infinix Note 30 - 8GB RAM 128/256GB ROM - 6.78"" FHD+ Eye-care Display with 120Hz Dynamic Refresh Rate",47499,Infinix,https://www.daraz.pk/products/30-8gb-1-000-gb-fhd-128-hz-i429297582-s2056907678.html?spm=a2a0e.searchlistcategory.sku.65.7dba676d8ZYjq7&search=1,5.0,8 ratings
ID NO : 1034,Tecno POVA 5 Pro 5G 256GB ROM + 8GB RAM 5000mAh Mega Battery Pta Approevd Official Brand Warranty,57599,Tecno,https://www.daraz.pk/products/tecno-pova-5-pro-5g-256gb-rom-8gb-ram-5000mah-mega-battery-pta-approevd-official-brand-warranty-i436995460-s2101833767.html?spm=a2a0e.searchlistcategory.sku.67.7dba676d8ZYjq7&search=1,No Score,30 ratings
ID NO : 1035,itel S23 4G || 8GB+8GB Ram 128GB Rom || 5000mAh Battery,30999,itel,https://www.daraz.pk/products/s23-4g-wach-8gb-8gb-128gb-5000mah-i430269791-s2049929526.html?spm=a2a0e.searchlistcategory.sku.69.7dba676d8ZYjq7&search=1,5.0,4 ratings
ID NO : 1036,"Sparx Neo 7 Ultra 128GB ROM 8GB RAM Battery: 5000mAh Display: 6.52"" PTA APPROVED OFFICIAL BRAND WARRANTY",34999,Sparx,https://www.daraz.pk/products/7-128gb-8gb-5000mah-652-pta-i437983553-s2118069843.html?spm=a2a0e.searchlistcategory.sku.71.7dba676d8ZYjq7&search=1,No Score,4 ratings
ID NO : 1037,"Samsung Galaxy A33 5G - 6.4"" Inch Display - 6GB RAM - 128GB ROM",99999,Samsung,https://www.daraz.pk/products/samsung-galaxy-a33-5g-64-inch-display-6gb-ram-128gb-rom-i355314416-s1790261213.html?spm=a2a0e.searchlistcategory.sku.73.7dba676d8ZYjq7&search=1,4.1,5 ratings
ID NO : 1038,Infinix Hot 30 8GB Ram 128GB Memory,35989,Infinix,https://www.daraz.pk/products/30-8gb-128gb-i433096778-s2101355619.html?spm=a2a0e.searchlistcategory.sku.75.7dba676d8ZYjq7&search=1,4.6,7 ratings
ID NO : 1039,Galaxy A04s 4GB RAM-128GB ROM PTA APPROVED OFFICIAL BRAND WARRANNTY,38999,Samsung,https://www.daraz.pk/products/galaxy-a04s-4gb-ram-128gb-rom-pta-approved-official-brand-warrannty-i424949489-s2012640593.html?spm=a2a0e.searchlistcategory.sku.77.7dba676d8ZYjq7&search=1,3.0,3 ratings
ID NO : 1040,"Samsung Galaxy A04s - 6.5"" Inch Display - 4GB RAM",35499,Samsung,https://www.daraz.pk/products/samsung-galaxy-a04s-65-inch-display-4gb-ram-i425228046-s2014039688.html?spm=a2a0e.searchlistcategory.sku.79.7dba676d8ZYjq7&search=1,4.0,5 ratings
ID NO : 111,"Samsung Galaxy A13 - 6.6"" FHD+ Display - 50MP Main Camera - 8MP Selfie Camera - 4GB RAM - 64/128GB ROM - 5000MAH Battery",43999,Samsung,https://www.daraz.pk/products/a13-fhd-50mp-8mp-4gb-6466-gb-128-mah-i289276492-s1555271189.html?spm=a2a0e.searchlistcategory.sku.1.1645676dlEBDei&search=1,5.0,18 ratings
ID NO : 112,Tecno Spark 10 Pro 8+256GB || 50MP Rear Camera || 1 Year brand warranty || PTA Approved,36499,Tecno,https://www.daraz.pk/products/tecno-spark-10-pro-8256gb-50mp-rear-camera-1-year-brand-warranty-pta-approved-i437382534-s2103498847.html?spm=a2a0e.searchlistcategory.sku.3.1645676dlEBDei&search=1,No Score,1 ratings
ID NO : 113,"vivo Y02t - 4GB RAM - 64GB ROM - 6.51"" Display - 5000mAh Battery",29999,Vivo,https://www.daraz.pk/products/vivo-y02t-4gb-ram-64gb-rom-651-display-5000mah-battery-i427279605-s2028398545.html?spm=a2a0e.searchlistcategory.sku.5.1645676dlEBDei&search=1,4.7,2 ratings
ID NO : 114,Xiaomi Redmi 12 RAM 8 GB ROM 128 GB Front Camera 8 MP Back Camera 50 MP + 8 MP + 2 MP Battery Type 5000 mAh,42990,Xiaomi,https://www.daraz.pk/products/12-8-gb-128-gb-8-mp-50-mp-8-mp-2-mp-2-mah-i432579284-s2065194403.html?spm=a2a0e.searchlistcategory.sku.7.1645676dlEBDei&search=1,4.7,17 ratings
ID NO : 115,"Digit Infinity -6.5 Inches HD+, Waterdrop Display-2GB, 32GB-Dual Sim 4G",16499,Digit,https://www.daraz.pk/products/digit-infinity-65-inches-hd-waterdrop-display-2gb-32gb-dual-sim-4g-i429999208-s2047724755.html?spm=a2a0e.searchlistcategory.sku.9.1645676dlEBDei&search=1,No Score,1 ratings
ID NO : 116,LG V60 Thinq 5G 8GB Ram 128GB Rom Single Sim,56000,LG,https://www.daraz.pk/products/lg-v60-q-5g-8gb-1-gb-i434152595-s2085756917.html?spm=a2a0e.searchlistcategory.sku.11.1645676dlEBDei&search=1,5.0,9 ratings
ID NO : 117,"Vivo V29 12GB Ram 256GB Rom 6.78 Inches AMOLED Display , 4600 mAh - Fast battery 80W wired",162999,Vivo,https://www.daraz.pk/products/12gb-v29-256gb-678-4600-mah-80-i435993109-s2094160422.html?spm=a2a0e.searchlistcategory.sku.13.1645676dlEBDei&search=1,No Score,9 ratings
ID NO : 118,Redmi Note 12 || 8GB Ram 128GB Rom || 6.67 Inches AMOLED Display || 5000 mAh - Fast charging 33W wired ||,50449,Redmi,https://www.daraz.pk/products/12-8gb-1-000-gb-128-20-33-i429690781-s2046010371.html?spm=a2a0e.searchlistcategory.sku.15.1645676dlEBDei&search=1,4.0,7 ratings
ID NO : 119,"Itel S23 , 8GB RAM 128GB ROM , 50MP Main Camera , Fingerprint , 5000mAh Battery",30299,Itel,https://www.daraz.pk/products/8gb-s23-128gb-50mp-5000mah-i429908133-s2048933084.html?spm=a2a0e.searchlistcategory.sku.17.1645676dlEBDei&search=1,4.8,2 ratings
ID NO : 1110,"Redmi A2 Plus || 3GB + 64GB || 6.5 IPS Display || Battery (Li-ion Non removable), 5000 mAh",19999,Redmi,https://www.daraz.pk/products/a2-3gb-64gb-a2-li-ion-65-mah-i431400484-s2057010979.html?spm=a2a0e.searchlistcategory.sku.19.1645676dlEBDei&search=1,5.0,17 ratings
ID NO : 1111,Samsung A14 - 6GB RAM - 128GB ROM - 5000mAh Battery,56499,Samsung,https://www.daraz.pk/products/6gb-a14-128gb-5000mah-i422942232-s2001880522.html?spm=a2a0e.searchlistcategory.sku.21.1645676dlEBDei&search=1,5.0, 
ID NO : 1112,"Samsung A54 , 8GB RAM 256GB RAM , 50MP Main Camera , 5000mAh Fast Charging",134999,Samsung,https://www.daraz.pk/products/a54-8gb-256gb-50mp-5000mah-i431346051-s2056868627.html?spm=a2a0e.searchlistcategory.sku.23.1645676dlEBDei&search=1,5.0, 
ID NO : 1114,Apple iPhone 15 Pro Max 5G || PTA Approved One Year Official Brand Warranty,649999,Apple,https://www.daraz.pk/products/15-5g-pta-i435781778-s2091201800.html?spm=a2a0e.searchlistcategory.sku.27.1645676dlEBDei&search=1,No Score, 
ID NO : 1115,ZTE A53 PRO - 4GB RAM 64GB ROM - Dual SIM - 5000mAh Battery,20799,ZTE,https://www.daraz.pk/products/zte-a53-4gb-64gb-5000mah-i437967154-s2116188253.html?spm=a2a0e.searchlistcategory.sku.29.1645676dlEBDei&search=1,4.0, 
ID NO : 1116,"Samsung Galaxy A04 - 6.5"" Inch Display - 4GB RAM - 64GB ROM",28999,Samsung,https://www.daraz.pk/products/samsung-galaxy-a04-65-inch-display-4gb-ram-64gb-rom-i396464368-s2127203113.html?spm=a2a0e.searchlistcategory.sku.31.1645676dlEBDei&search=1,4.6, 
ID NO : 1118,vivo V27e - 8GB RAM - 256GB ROM - 64MP OIS Camera - 120Hz Amoled Display - 66W Flash Charge,99999,Vivo,https://www.daraz.pk/products/vivo-v27e-8gb-ram-256gb-rom-64mp-ois-camera-120hz-amoled-display-66w-flash-charge-i421600899-s2071348921.html?spm=a2a0e.searchlistcategory.sku.35.1645676dlEBDei&search=1,4.4, 
ID NO : 1119,"Redmi Note 12 Pro , 8GB Ram 256GB Rom , 6.67 Inches AMOLED Display || 5000 mAh - Fast charging 67W",88999,Redmi,https://www.daraz.pk/products/12-8gb-256gb-667-5000-mah-67-i429674904-s2045924192.html?spm=a2a0e.searchlistcategory.sku.37.1645676dlEBDei&search=1,4.8, 
ID NO : 1120,"Xiaomi Poco X5 Pro || 8GB + 256GB || Display 6.7"" AMOLED || Battery Li-Po 5000 mAh ||",111999,Xiaomi,https://www.daraz.pk/products/x5-wach-6gb-128gb-67-5000-mah-i432587174-s2065260565.html?spm=a2a0e.searchlistcategory.sku.39.1645676dlEBDei&search=1,5.0, 
ID NO : 1121,"Vivo Y36 ROM 8 GB ROM 128 GB Front Camera 16 MP Back Camera 50 MP + 2 MP + 2 MP Battery Type Li-Po 5000 mAh, non-removable",62480,Vivo,https://www.daraz.pk/products/y36-8-gb-128-gb-16-mp-50-mp-2-mp-2-mp-li-po-5000-mah-i426880911-s2026142706.html?spm=a2a0e.searchlistcategory.sku.41.1645676dlEBDei&search=1,4.8, 
ID NO : 1122,"Tecno Spark 10C , 4GB RAM 128GB ROM , 16 MP Main Camera , Fingersensor , 5000mAh Battery",29999,Tecno,https://www.daraz.pk/products/4gb-10c-128gb-16-mp-5000mah-i432435212-s2064546802.html?spm=a2a0e.searchlistcategory.sku.43.1645676dlEBDei&search=1,4.3, 
ID NO : 1123,Vgotel New 12 - 2GB + 1GB Extended RAM - 64GB ROM - 6.52 Inches Display - Official PTA Approved - 5000mAh Battery - One Year Official Warranty,16999,Vgotel,https://www.daraz.pk/products/12-1gb-2gb-64gb-1-pta-1-mah-i434313770-s2082915103.html?spm=a2a0e.searchlistcategory.sku.45.1645676dlEBDei&search=1,5.0, 
ID NO : 1124,Redmi A1 Plus 6.52 Inch Display 2GB RAM 32GB ROM BRAND WARRANTY,17999,Redmi,https://www.daraz.pk/products/redmi-a1-plus-652-inch-display-2gb-ram-32gb-rom-brand-warranty-i412961365-s1980720161.html?spm=a2a0e.searchlistcategory.sku.47.1645676dlEBDei&search=1,5.0, 
ID NO : 1125,SparX Neo 7 Ultra || 6GB Ram 128GB Rom || 5000mAh Battery,32999,SparX,https://www.daraz.pk/products/sparx-neo-7-ultra-6gb-ram-128gb-rom-5000mah-battery-i425124612-s2013210801.html?spm=a2a0e.searchlistcategory.sku.49.1645676dlEBDei&search=1,4.6, 
ID NO : 1126,Xiaomi Redmi 12 RAM 4 GB ROM 128 GB Front Camera 8 MP Back Camera 50 MP + 8 MP + 2 MP Battery Type 5000 mAh,37999,Xiaomi,https://www.daraz.pk/products/12-6-gb-128-gb-8-mp-50-mp-8-mp-2-mp-2-mah-i432579373-s2065211059.html?spm=a2a0e.searchlistcategory.sku.51.1645676dlEBDei&search=1,5.0, 
ID NO : 1127,Tecno SPARK 10 PRO 8GB RAM - 128GB ROM 50 MP CAMERA DUAL SIM,39499,Tecno,https://www.daraz.pk/products/10-8gb-128gb-50-mp-i432048417-s2094334659.html?spm=a2a0e.searchlistcategory.sku.53.1645676dlEBDei&search=1,5.0, 
ID NO : 1128,Redmi Note 12 (8GB+128GB) 6.67'' AMOLED display PTA Approved 1 Year Official Warranty,50999,Redmi,https://www.daraz.pk/products/12-8gb-128gb-pta-1-i429486844-s2043854263.html?spm=a2a0e.searchlistcategory.sku.55.1645676dlEBDei&search=1,4.5, 
ID NO : 1129,Infinix Smart 7 HD - 2GB RAM 64GB ROM - 6.6 Inches Display - 5000mAh Battery,21499,Infinix,https://www.daraz.pk/products/7-hd-2gb-64gb-66-5000mah-i426832022-s2025965476.html?spm=a2a0e.searchlistcategory.sku.57.1645676dlEBDei&search=1,4.0, 
ID NO : 1130,Tecno Spark 10C || 4GB Ram 128GB Rom || 5000 mAh Battery,29999,Tecno,https://www.daraz.pk/products/tecno-spark-10c-4gb-ram-128gb-rom-5000-mah-battery-i423448570-s2004948744.html?spm=a2a0e.searchlistcategory.sku.59.1645676dlEBDei&search=1,4.9, 
ID NO : 1131,"INFINIX SMART 7 4GB RAM 64GB ROM || 6000mAh BATTERY || 4G LTE || 6.6"" DISPLAY || ONE YEAR BRAND WARRANTY || PTA APPROVED",25999,INFINIX,https://www.daraz.pk/products/infinix-smart-7-4gb-ram-64gb-rom-6000mah-battery-4g-lte-66-display-one-year-brand-warranty-pta-approved-i422864285-s2002199437.html?spm=a2a0e.searchlistcategory.sku.61.1645676dlEBDei&search=1,5.0, 
ID NO : 1132,"Apple iPhone 15 Pro Max - 6.7"" Inch Display",346990,Apple,https://www.daraz.pk/products/apple-iphone-15-pro-max-67-inch-display-i438063352-s2118879432.html?spm=a2a0e.searchlistcategory.sku.63.1645676dlEBDei&search=1,No Score, 
ID NO : 1133,Tecno Spark 10 Pro RAM 8 GB ROM 128 GB front Camera 32 MP Back Camera 50 MP Battery Type5000 mAh,39990,Tecno,https://www.daraz.pk/products/10-8-gb-128-gb-32-mp-50-mp-5000-mah-i430741674-s2054568767.html?spm=a2a0e.searchlistcategory.sku.65.1645676dlEBDei&search=1,5.0, 
ID NO : 1134,Realme C51 || 4GB Ram 128GB Rom || 5000mAh Battery || 33W Charger,39999,Realme,https://www.daraz.pk/products/c51-4gb-128gb-5000mah-i438922643-s2124861498.html?spm=a2a0e.searchlistcategory.sku.67.1645676dlEBDei&search=1,No Score, 
ID NO : 1135,A57 2022 - 6.56 Inches HD+ Display - 4GB RAM 64GB ROM -13MP + 2MP + 5MP Camera - Dual SIM (WIth Box Only - Multi Color),26999,A57,https://www.daraz.pk/products/a57-2022-656-hd-4gb-64gb-13mp-2mp-i438047063-s2118792110.html?spm=a2a0e.searchlistcategory.sku.69.1645676dlEBDei&search=1,No Score, 
ID NO : 1136,Vivo V29 5G || 12GB Ram 256GB Rom || 4600mAh Battery 80W Charger,157999,Vivo,https://www.daraz.pk/products/5g-v29-12gb-256gb-4600mah-80w-i435013137-s2088351609.html?spm=a2a0e.searchlistcategory.sku.71.1645676dlEBDei&search=1,No Score, 
ID NO : 1139,Vivo V27e || 8GB Ram 256GB Rom || 4600 mAh Battery,98999,Vivo,https://www.daraz.pk/products/v27e-8gb-256gb-4600-mah-i422687968-s2000586473.html?spm=a2a0e.searchlistcategory.sku.77.1645676dlEBDei&search=1,4.5, 
ID NO : 1140,Redmi A2+ 3Gb 64Gb - 6.52” HD+ Display - 5000mAh Battery - PTA Approved 1 Year Official Warranty,20000,Redmi,https://www.daraz.pk/products/hd-3gb-64gb-a2-652-mah-pta-1-i430690496-s2054183571.html?spm=a2a0e.searchlistcategory.sku.79.1645676dlEBDei&search=1,4.8, 
